brand,png,source_file,download_url,source_collection,upstream_source,preparation,notes
Abarth,png/abarth.png,originals/abarth.png,https://raw.githubusercontent.com/filippofilip95/car-logos-dataset/master/logos/original/abarth.png,https://github.com/filippofilip95/car-logos-dataset,https://www.carlogos.org/logo/Abarth-logo-1920x1080.png,,
Aito,png/aito.png,originals/aito.svg,https://brandlogos.sgp1.digitaloceanspaces.com/svg/cbi/aito.svg,https://github.com/vehiclespecs/brand-logos,,Removed only the full-canvas white SVG background path; brand artwork and colors retained.,
Alfa Romeo,png/alfa-romeo.png,originals/alfa-romeo.svg,https://raw.githubusercontent.com/vehiclespecs/brand-logos/main/alfa-romeo-logo.svg,https://github.com/vehiclespecs/brand-logos,,,
Aston Martin,png/aston-martin.png,originals/aston-martin.svg,https://raw.githubusercontent.com/vehiclespecs/brand-logos/main/aston-martin-logo.svg,https://github.com/vehiclespecs/brand-logos,,,
Audi,png/audi.png,originals/audi.svg,https://raw.githubusercontent.com/vehiclespecs/brand-logos/main/audi-logo.svg,https://github.com/vehiclespecs/brand-logos,,,
BAIC,png/baic.png,originals/baic.svg,https://raw.githubusercontent.com/vehiclespecs/brand-logos/main/baic-logo.svg,https://github.com/vehiclespecs/brand-logos,,,
Bentley,png/bentley.png,originals/bentley.png,https://raw.githubusercontent.com/filippofilip95/car-logos-dataset/master/logos/original/bentley.png,https://github.com/filippofilip95/car-logos-dataset,https://www.carlogos.org/car-logos/bentley-logo-2002-640.png,,
Bestune,png/bestune.png,originals/bestune.png,https://raw.githubusercontent.com/filippofilip95/car-logos-dataset/master/logos/original/bestune.png,https://github.com/filippofilip95/car-logos-dataset,https://www.carlogos.org/car-logos/bestune-logo-2400x1200-show.png,,
BMW,png/bmw.png,originals/bmw.svg,https://raw.githubusercontent.com/vehiclespecs/brand-logos/main/bmw-logo.svg,https://github.com/vehiclespecs/brand-logos,,,
BYD,png/byd.png,originals/byd.svg,https://raw.githubusercontent.com/vehiclespecs/brand-logos/main/byd-logo.svg,https://github.com/vehiclespecs/brand-logos,,,
Changan,png/changan.png,originals/changan.png,https://raw.githubusercontent.com/filippofilip95/car-logos-dataset/master/logos/original/changan.png,https://github.com/filippofilip95/car-logos-dataset,https://www.carlogos.org/logo/Changan-logo-2010-2560x1440.png,,Collected source variant may be a legacy identity; not certified as the latest Philippine-market logo.
Chery,png/chery.png,originals/chery.png,https://raw.githubusercontent.com/filippofilip95/car-logos-dataset/master/logos/original/chery.png,https://github.com/filippofilip95/car-logos-dataset,https://www.carlogos.org/logo/Chery-logo-2013-3840x2160.png,,Collected source variant may be a legacy identity; not certified as the latest Philippine-market logo.
Chevrolet,png/chevrolet.png,originals/chevrolet.png,https://raw.githubusercontent.com/filippofilip95/car-logos-dataset/master/logos/original/chevrolet.png,https://github.com/filippofilip95/car-logos-dataset,https://www.carlogos.org/logo/Chevrolet-logo-2013-2560x1440.png,,
Deepal,png/deepal.png,originals/deepal.svg,https://raw.githubusercontent.com/vehiclespecs/brand-logos/main/deepal-logo.svg,https://github.com/vehiclespecs/brand-logos,,,
Denza,png/denza.png,originals/denza.svg,https://raw.githubusercontent.com/vehiclespecs/brand-logos/main/denza-logo.svg,https://github.com/vehiclespecs/brand-logos,,,
DFSK,png/dfsk.png,originals/dfsk.svg,https://raw.githubusercontent.com/vehiclespecs/brand-logos/main/dfsk-logo.svg,https://github.com/vehiclespecs/brand-logos,,Removed only the full-canvas white SVG background path; brand artwork and colors retained.,
Dodge,png/dodge.png,originals/dodge.png,https://raw.githubusercontent.com/vehiclespecs/brand-logos/main/dodge-logo.png,https://github.com/vehiclespecs/brand-logos,,,
Dongfeng,png/dongfeng.png,originals/dongfeng.png,https://raw.githubusercontent.com/filippofilip95/car-logos-dataset/master/logos/original/dongfeng.png,https://github.com/filippofilip95/car-logos-dataset,https://www.carlogos.org/logo/Dongfeng-logo-2560x1440.png,,
FAW,png/faw.png,originals/faw.png,https://raw.githubusercontent.com/filippofilip95/car-logos-dataset/master/logos/original/faw.png,https://github.com/filippofilip95/car-logos-dataset,https://www.carlogos.org/logo/FAW-logo-1920x1080.png,,
Ferrari,png/ferrari.png,originals/ferrari.svg,https://raw.githubusercontent.com/vehiclespecs/brand-logos/main/ferrari-logo.svg,https://github.com/vehiclespecs/brand-logos,,,
Fiat,png/fiat.png,originals/fiat.svg,https://raw.githubusercontent.com/vehiclespecs/brand-logos/main/fiat-logo.svg,https://github.com/vehiclespecs/brand-logos,,,Collected source variant may be a legacy identity; not certified as the latest Philippine-market logo.
Ford,png/ford.png,originals/ford.png,https://raw.githubusercontent.com/vehiclespecs/brand-logos/main/ford-logo.png,https://github.com/vehiclespecs/brand-logos,,,
Foton,png/foton.png,originals/foton.png,https://raw.githubusercontent.com/filippofilip95/car-logos-dataset/master/logos/original/foton.png,https://github.com/filippofilip95/car-logos-dataset,https://www.carlogos.org/logo/Foton-logo-1920x1080.png,,
GAC,png/gac.png,originals/gac.png,https://raw.githubusercontent.com/filippofilip95/car-logos-dataset/master/logos/original/gac-group.png,https://github.com/filippofilip95/car-logos-dataset,https://www.carlogos.org/logo/GAC-Group-logo-2560x1440.png,,
GAZ,png/gaz.png,originals/gaz.png,https://raw.githubusercontent.com/filippofilip95/car-logos-dataset/master/logos/original/gaz.png,https://github.com/filippofilip95/car-logos-dataset,https://www.carlogos.org/logo/GAZ-logo-2015-1920x1080.png,,
Geely,png/geely.png,originals/geely.svg,https://raw.githubusercontent.com/vehiclespecs/brand-logos/main/geely-logo.svg,https://github.com/vehiclespecs/brand-logos,,,
GWM,png/gwm.png,originals/gwm.png,https://raw.githubusercontent.com/filippofilip95/car-logos-dataset/master/logos/original/great-wall.png,https://github.com/filippofilip95/car-logos-dataset,https://www.carlogos.org/logo/Great-Wall-logo-2007-2048x2048.png,,Collected source variant may be a legacy identity; not certified as the latest Philippine-market logo.
Haima,png/haima.png,originals/haima.png,https://raw.githubusercontent.com/filippofilip95/car-logos-dataset/master/logos/original/haima.png,https://github.com/filippofilip95/car-logos-dataset,https://www.carlogos.org/logo/Haima-logo-3840x2160.png,,
Honda,png/honda.png,originals/honda.png,https://raw.githubusercontent.com/filippofilip95/car-logos-dataset/master/logos/original/honda.png,https://github.com/filippofilip95/car-logos-dataset,https://www.carlogos.org/car-logos/honda-logo-2000-full-640.png,,
Hongqi,png/hongqi.png,originals/hongqi.png,https://raw.githubusercontent.com/vehiclespecs/brand-logos/main/hongqi-logo.png,https://github.com/vehiclespecs/brand-logos,,,
Hyundai,png/hyundai.png,originals/hyundai.svg,https://raw.githubusercontent.com/vehiclespecs/brand-logos/main/hyundai-logo.svg,https://github.com/vehiclespecs/brand-logos,,,
Isuzu,png/isuzu.png,originals/isuzu.svg,https://raw.githubusercontent.com/vehiclespecs/brand-logos/main/isuzu-logo.svg,https://github.com/vehiclespecs/brand-logos,,,
JAC,png/jac.png,originals/jac.png,https://raw.githubusercontent.com/vehiclespecs/brand-logos/main/jac-logo.png,https://github.com/vehiclespecs/brand-logos,,,
Jaecoo,png/jaecoo.png,originals/jaecoo.svg,https://raw.githubusercontent.com/vehiclespecs/brand-logos/main/jaecoo-logo.svg,https://github.com/vehiclespecs/brand-logos,,,
Jaguar,png/jaguar.png,originals/jaguar.svg,https://raw.githubusercontent.com/vehiclespecs/brand-logos/main/jaguar-logo.svg,https://github.com/vehiclespecs/brand-logos,,,
Jeep,png/jeep.png,originals/jeep.svg,https://raw.githubusercontent.com/vehiclespecs/brand-logos/main/jeep-logo.svg,https://github.com/vehiclespecs/brand-logos,,,
Jetour,png/jetour.png,originals/jetour.svg,https://raw.githubusercontent.com/vehiclespecs/brand-logos/main/jetour-logo.svg,https://github.com/vehiclespecs/brand-logos,,,
Kaicene,png/kaicene.png,originals/kaicene.png,https://thzpihfbglhksxsimprj.supabase.co/storage/v1/object/public/brand-logos/1760267311877-dplhxwtsdpm.png,https://www.chinaevpro.com/brands/kaicene,,,
Kaiyi,png/kaiyi.png,originals/kaiyi.png,https://upload.wikimedia.org/wikipedia/commons/6/63/Kaiyi_logo.png,https://commons.wikimedia.org/wiki/File:Kaiyi_logo.png,,,
Kia,png/kia.png,originals/kia.svg,https://raw.githubusercontent.com/cardog-ai/icons/master/core/optimized/Kia%20Logo.svg,https://github.com/cardog-ai/icons,https://www.carlogos.org/logo/Kia-logo-2560x1440.png,,
Lamborghini,png/lamborghini.png,originals/lamborghini.png,https://raw.githubusercontent.com/vehiclespecs/brand-logos/main/lamborghini-logo.png,https://github.com/vehiclespecs/brand-logos,,,
Land Rover,png/land-rover.png,originals/land-rover.svg,https://raw.githubusercontent.com/vehiclespecs/brand-logos/main/land-rover-logo.svg,https://github.com/vehiclespecs/brand-logos,,,
Lexus,png/lexus.png,originals/lexus.png,https://raw.githubusercontent.com/filippofilip95/car-logos-dataset/master/logos/original/lexus.png,https://github.com/filippofilip95/car-logos-dataset,https://www.carlogos.org/logo/Lexus-logo-1988-1920x1080.png,,
Li Auto,png/li-auto.png,originals/li-auto.png,https://raw.githubusercontent.com/filippofilip95/car-logos-dataset/master/logos/original/li-auto.png,https://github.com/filippofilip95/car-logos-dataset,https://www.carlogos.org/car-logos/lixiang-logo-1050x300-show.png,,
Lotus,png/lotus.png,originals/lotus.svg,https://raw.githubusercontent.com/cardog-ai/icons/master/core/optimized/Lotus%20Logo.svg,https://github.com/cardog-ai/icons,https://www.carlogos.org/logo/Lotus-logo-2019-1800x1800.png,,
Lynk & Co,png/lynk-co.png,originals/lynk-co.png,https://raw.githubusercontent.com/filippofilip95/car-logos-dataset/master/logos/original/lynk-and-co.png,https://github.com/filippofilip95/car-logos-dataset,https://www.carlogos.org/car-logos/lynkco-logo-2150x400-show.png,,
Mahindra,png/mahindra.png,originals/mahindra.png,https://raw.githubusercontent.com/filippofilip95/car-logos-dataset/master/logos/original/mahindra.png,https://github.com/filippofilip95/car-logos-dataset,https://www.carlogos.org/logo/Mahindra-logo-2560x1440.png,,Collected source variant may be a legacy identity; not certified as the latest Philippine-market logo.
Maserati,png/maserati.png,originals/maserati.png,https://raw.githubusercontent.com/filippofilip95/car-logos-dataset/master/logos/original/maserati.png,https://github.com/filippofilip95/car-logos-dataset,https://www.carlogos.org/car-logos/maserati-logo-2020-640.png,,
Mazda,png/mazda.png,originals/mazda.svg,https://raw.githubusercontent.com/vehiclespecs/brand-logos/main/mazda-logo.svg,https://github.com/vehiclespecs/brand-logos,,,
Mercedes-Benz,png/mercedes-benz.png,originals/mercedes-benz.svg,https://raw.githubusercontent.com/vehiclespecs/brand-logos/main/mercedes-benz-logo.svg,https://github.com/vehiclespecs/brand-logos,,,
MG,png/mg.png,originals/mg.png,https://raw.githubusercontent.com/vehiclespecs/brand-logos/main/mg-logo.png,https://github.com/vehiclespecs/brand-logos,,,
MINI,png/mini.png,originals/mini.svg,https://raw.githubusercontent.com/vehiclespecs/brand-logos/main/mini-logo.svg,https://github.com/vehiclespecs/brand-logos,,,Collected source variant may be a legacy identity; not certified as the latest Philippine-market logo.
Mitsubishi,png/mitsubishi.png,originals/mitsubishi.svg,https://raw.githubusercontent.com/vehiclespecs/brand-logos/main/mitsubishi-logo.svg,https://github.com/vehiclespecs/brand-logos,,,
Nissan,png/nissan.png,originals/nissan.svg,https://raw.githubusercontent.com/vehiclespecs/brand-logos/main/nissan-logo.svg,https://github.com/vehiclespecs/brand-logos,,,
Omoda,png/omoda.png,originals/omoda.svg,https://upload.wikimedia.org/wikipedia/commons/b/bc/Omoda_wordmark.svg,https://commons.wikimedia.org/wiki/File:Omoda_wordmark.svg,/Users/filip.popranec/Develop/car-logos-dataset/local-logos/omoda.png,,
Porsche,png/porsche.png,originals/porsche.png,https://raw.githubusercontent.com/filippofilip95/car-logos-dataset/master/logos/original/porsche.png,https://github.com/filippofilip95/car-logos-dataset,https://www.carlogos.org/car-logos/porsche-logo-2014-full-640.png,,
Radar,png/radar.png,originals/radar.png,https://upload.wikimedia.org/wikipedia/commons/1/12/Radar_Auto_logo.png,https://commons.wikimedia.org/wiki/File:Radar_Auto_logo.png,,,
RAM,png/ram.png,originals/ram.svg,https://raw.githubusercontent.com/vehiclespecs/brand-logos/main/ram-logo.svg,https://github.com/vehiclespecs/brand-logos,,,
Rolls-Royce,png/rolls-royce.png,originals/rolls-royce.svg,https://raw.githubusercontent.com/vehiclespecs/brand-logos/main/rolls-royce-logo.svg,https://github.com/vehiclespecs/brand-logos,,,
Subaru,png/subaru.png,originals/subaru.png,https://raw.githubusercontent.com/filippofilip95/car-logos-dataset/master/logos/original/subaru.png,https://github.com/filippofilip95/car-logos-dataset,https://www.carlogos.org/car-logos/subaru-logo-2019-640.png,,
Suzuki,png/suzuki.png,originals/suzuki.svg,https://raw.githubusercontent.com/vehiclespecs/brand-logos/main/suzuki-logo.svg,https://github.com/vehiclespecs/brand-logos,,,
Tata,png/tata.png,originals/tata.png,https://raw.githubusercontent.com/filippofilip95/car-logos-dataset/master/logos/original/tata.png,https://github.com/filippofilip95/car-logos-dataset,https://www.carlogos.org/logo/Tata-logo-2000-2560x1440.png,,
Tesla,png/tesla.png,originals/tesla.svg,https://raw.githubusercontent.com/vehiclespecs/brand-logos/main/tesla-logo.svg,https://github.com/vehiclespecs/brand-logos,,,
Toyota,png/toyota.png,originals/toyota.svg,https://raw.githubusercontent.com/vehiclespecs/brand-logos/main/toyota-logo.svg,https://github.com/vehiclespecs/brand-logos,,,
VinFast,png/vinfast.png,originals/vinfast.png,https://raw.githubusercontent.com/filippofilip95/car-logos-dataset/master/logos/original/vinfast.png,https://github.com/filippofilip95/car-logos-dataset,https://www.carlogos.org/car-logos/vinfast-logo-900x850-show.png,,
Volvo,png/volvo.png,originals/volvo.svg,https://raw.githubusercontent.com/vehiclespecs/brand-logos/main/volvo-logo.svg,https://github.com/vehiclespecs/brand-logos,,,Collected source variant may be a legacy identity; not certified as the latest Philippine-market logo.
Voyah,png/voyah.png,originals/voyah.svg,https://brandlogos.sgp1.digitaloceanspaces.com/svg/cbi/voyah.svg,https://superdevpro.com/brands/voyah,,,
XPeng,png/xpeng.png,originals/xpeng.png,https://raw.githubusercontent.com/filippofilip95/car-logos-dataset/master/logos/original/xpeng.png,https://github.com/filippofilip95/car-logos-dataset,https://www.carlogos.org/car-logos/xpeng-logo-2021-2700x1100-show.png,,
Zeekr,png/zeekr.png,originals/zeekr.png,https://raw.githubusercontent.com/filippofilip95/car-logos-dataset/master/logos/original/zeekr.png,https://github.com/filippofilip95/car-logos-dataset,https://www.carlogos.org/car-logos/zeekr-logo-2300x700-show.png,,
